question_id,test_id,certification,exam_version,objectives_version,question_version,batch_id,domain_id,domain_name,objective_id,objective_text,topic,concept_key,difficulty,question_type,question_style,question_instruction,question_text,answer_a,answer_b,answer_c,answer_d,correct_answers,correct_explanation,answer_a_explanation,answer_b_explanation,answer_c_explanation,answer_d_explanation,study_topics,source_ids,reference_notes,date_added,date_modified,date_reviewed,review_status,reviewer,quality_flags,author_notes
SEC701-0000001,SEC-701,CompTIA Security+,SY0-701,6.0,1,SEC701-SAMPLE-001,1.0,General Security Concepts,1.4,Explain the importance of using appropriate cryptographic solutions.,Digital signatures,digital-signature-origin-integrity,medium,single_choice,scenario,,A software vendor publishes an update and wants customers to verify that the update came from the vendor and was not altered after release. The vendor does not need to keep the update confidential. Which cryptographic solution best meets these requirements?,Encrypt the update with the vendor's public key,Sign the update hash with the vendor's private key,Publish an unsigned hash beside the update on the same server,Encrypt the update with a shared symmetric key,B,A digital signature is created with the vendor's private key and verified with the corresponding public key. Signing the update's hash provides origin authentication and integrity without making the update confidential.,Public-key encryption with the vendor's public key would allow only the vendor's private key to decrypt the update. It does not prove that the vendor created the update because anyone can use the public key to encrypt data.,"Signing the hash with the vendor's private key lets customers verify the signature with the public key, confirming the signer and detecting changes to the update.",A hash can detect changes only when the expected hash is obtained through a trusted or authenticated channel. An attacker who can replace both files on the same server could replace the hash too.,"Symmetric encryption can protect confidentiality, but public verification would require sharing the secret key. Anyone with that key could also create data that appears authentic.",Digital signatures|Hashing|Integrity|Origin authentication|Public key cryptography,SRC-COMPTIA-SY0701-V6|SRC-NIST-FIPS186-5,CompTIA objective 1.4; FIPS 186-5 digital signature purpose.,2026-07-19,2026-07-19,2026-07-19,approved,project-owner,,
SEC701-0000002,SEC-701,CompTIA Security+,SY0-701,6.0,1,SEC701-SAMPLE-001,2.0,"Threats, Vulnerabilities, and Mitigations",2.4,"Given a scenario, analyze indicators of malicious activity.",Password attacks,online-brute-force-single-account,easy,single_choice,comparison,,"Authentication logs show 8,000 failed sign-in attempts against one user account in 20 minutes. Each attempt uses a different candidate password. Which attack is most likely occurring?",Credential stuffing,Password spraying,Online brute-force attack,Pass-the-hash attack,C,An online brute-force attack repeatedly tries many candidate passwords against an account until one works. The single targeted account and changing password guesses distinguish it from password spraying.,"Credential stuffing uses previously stolen username-and-password pairs, usually across other services. The scenario describes generated password guesses against one account rather than reuse of known credential pairs.","Password spraying normally tries one or a few common passwords against many accounts to reduce lockouts. Here, many passwords are being tried against one account.",Trying thousands of different candidate passwords against a single account is characteristic of an online brute-force attack.,Pass-the-hash uses a captured password hash to authenticate without knowing the plaintext password. It is not a sequence of password guesses in a sign-in form.,Brute-force attacks|Password spraying|Credential stuffing|Authentication logs,SRC-COMPTIA-SY0701-V6|SRC-CISA-BRUTE-FORCE,CompTIA objective 2.4; CISA descriptions of brute-force and password-spraying behavior.,2026-07-19,2026-07-19,2026-07-19,approved,project-owner,,
SEC701-0000003,SEC-701,CompTIA Security+,SY0-701,6.0,1,SEC701-SAMPLE-001,2.0,"Threats, Vulnerabilities, and Mitigations",2.5,Explain the purpose of mitigation techniques used to secure the enterprise.,Network isolation and segmentation,quarantine-segment-remediation-access,medium,single_choice,scenario,,A workstation is suspected of compromise. Analysts must prevent it from reaching production systems but still allow it to access an internal remediation server for approved tools and patches. Which mitigation best meets the requirement?,Place the workstation in a quarantine network segment with an access control list that permits only remediation services,Disable every network interface and keep the workstation completely disconnected,Reset the user's password and return the workstation to its normal production segment,Enable full-disk encryption on the workstation and reboot it,A,"A quarantine segment restricts the suspected system's network reach while an access control list permits only the narrowly required remediation traffic. This applies isolation, segmentation, and least privilege together.",A quarantine segment with a restrictive access control list blocks production access while preserving the specific network path needed for remediation.,"Complete disconnection can contain the host, but it also prevents the required access to the remediation server.","A password reset may address compromised credentials, but it does not isolate a potentially infected workstation from production systems.",Full-disk encryption protects data at rest. It does not restrict the workstation's network communications or stop lateral movement.,Network segmentation|Quarantine networks|Access control lists|Isolation|Least privilege,SRC-COMPTIA-SY0701-V6|SRC-NIST-SP800-207,"CompTIA objective 2.5; segmentation, isolation, access control, and least-privilege principles.",2026-07-19,2026-07-19,2026-07-19,approved,project-owner,,
SEC701-0000004,SEC-701,CompTIA Security+,SY0-701,6.0,1,SEC701-SAMPLE-001,3.0,Security Architecture,3.3,Compare and contrast concepts and strategies to protect data.,Tokenization,tokenization-reversible-surrogate,medium,single_choice,scenario,,"An application must store substitute values for customer account identifiers so transactions can be matched later. The application database should not retain the original identifiers, but a separately protected service must be able to recover them when authorized. Which data-protection technique is most appropriate?",Hashing,Data masking,Encryption,Tokenization,D,Tokenization replaces a sensitive value with a non-sensitive surrogate while a separately protected mapping or token service retains the relationship needed for authorized recovery.,"A properly designed cryptographic hash is intended to be one-way, so it is not appropriate when authorized recovery of the original identifier is required.","Data masking changes how data is displayed or presented, often for testing or limited viewing. It does not necessarily replace stored identifiers with mapped surrogate values.","Encryption converts the original value to ciphertext that can be decrypted with a key. It can protect the identifier, but the requirement specifically describes substitution with a separately maintained mapping, which is tokenization.",Tokenization substitutes a token for the original identifier and uses a protected mapping service or vault for authorized recovery.,Tokenization|Data masking|Hashing|Encryption|Data protection,SRC-COMPTIA-SY0701-V6|SRC-NIST-NCCOE-TOKENIZATION,CompTIA objective 3.3; NIST NCCoE data-protection guidance.,2026-07-19,2026-07-19,2026-07-19,approved,project-owner,,
SEC701-0000005,SEC-701,CompTIA Security+,SY0-701,6.0,2,SEC701-SAMPLE-001,3.0,Security Architecture,3.4,Explain the importance of resilience and recovery in security architecture.,Recovery objectives,rpo-rto-business-requirements,hard,single_choice,calculation,,"A business continuity plan states that, after an outage, no more than 15 minutes of transaction data may be lost and the customer portal must resume service within 2 hours. Which pairing correctly identifies these targets?",RTO of 15 minutes and RPO of 2 hours,RPO of 15 minutes and RTO of 2 hours,MTTR of 15 minutes and MTBF of 2 hours,RPO of 15 minutes and MTTR of 2 hours,B,"The recovery point objective measures how much recent data loss is acceptable, so it is 15 minutes. The recovery time objective measures how quickly service must be restored, so it is 2 hours.","This reverses the two objectives. The data-loss allowance is the recovery point objective, while the service-restoration deadline is the recovery time objective.","Fifteen minutes is the acceptable data-loss window, making it the RPO. Two hours is the required restoration time, making it the RTO.",Mean time to repair and mean time between failures are operational reliability metrics. They do not directly express the stated data-loss and restoration targets.,"Fifteen minutes is correctly identified as the RPO, but the two-hour service-restoration requirement is the RTO. MTTR is an average measure of repair or restoration time across incidents, not the stated maximum recovery deadline.",Recovery point objective|Recovery time objective|Business continuity|Disaster recovery,SRC-COMPTIA-SY0701-V6|SRC-NIST-SP800-34R1|SRC-NIST-GLOSSARY-RPO-RTO,CompTIA objective 3.4; NIST contingency-planning guidance and glossary definitions.,2026-07-19,2026-07-19,2026-07-19,approved,project-owner,,Version 2: replaced answer D because the original wording was semantically identical to answer A.
SEC701-0000006,SEC-701,CompTIA Security+,SY0-701,6.0,1,SEC701-SAMPLE-001,4.0,Security Operations,4.3,Explain various activities associated with vulnerability management.,Remediation validation,vulnerability-remediation-rescan,easy,single_choice,direct,,"A team applies a patch to remediate a vulnerability found by an authenticated scanner. Before closing the vulnerability ticket, which action most directly validates that the remediation succeeded?",Rescan the affected systems using the appropriate detection method,Mark the vulnerability as accepted in the risk register,Review the change ticket for required approvals,Wait for the next scheduled penetration test,A,Validation requires checking that the vulnerability is no longer detectable. A targeted rescan with the appropriate method provides direct technical evidence that the patch corrected the finding.,A rescan directly tests whether the original vulnerability is still present and is a standard validation step after remediation.,Risk acceptance is a treatment decision used when an organization chooses not to remediate or accepts residual risk. It does not verify that a patch worked.,"Reviewing approvals validates the change-management process, but it does not confirm that the technical vulnerability was removed.","A later penetration test might discover the issue, but waiting does not provide timely validation before closing the current ticket.",Vulnerability remediation|Rescanning|Validation|Vulnerability management,SRC-COMPTIA-SY0701-V6,"CompTIA objective 4.3 explicitly includes validation of remediation by rescanning, audit, or verification.",2026-07-19,2026-07-19,2026-07-19,approved,project-owner,,
SEC701-0000007,SEC-701,CompTIA Security+,SY0-701,6.0,1,SEC701-SAMPLE-001,4.0,Security Operations,4.6,"Given a scenario, implement and maintain identity and access management.",Authentication factors,password-hardware-key-factor-pair,easy,single_choice,direct,,A user authenticates with a password and a FIDO2 hardware security key. Which combination of authentication factors is being used?,Two knowledge factors,A knowledge factor and an inherence factor,A knowledge factor and a possession factor,A possession factor and an inherence factor,C,"A password is something the user knows, while a hardware security key is something the user has. Using factors from two different categories is multi-factor authentication.","The password is a knowledge factor, but the hardware security key is not another knowledge factor.","An inherence factor is something the user is, such as a biometric characteristic. No biometric is described.","The password provides the knowledge factor, and possession of the hardware key provides the possession factor.","The hardware key is a possession factor, but the password is knowledge rather than inherence.",Authentication factors|Multi-factor authentication|FIDO2|Hardware security keys,SRC-COMPTIA-SY0701-V6|SRC-NIST-SP800-63B-4,CompTIA objective 4.6; NIST authentication-factor definitions.,2026-07-19,2026-07-19,2026-07-19,approved,project-owner,,
SEC701-0000008,SEC-701,CompTIA Security+,SY0-701,6.0,1,SEC701-SAMPLE-001,4.0,Security Operations,4.8,Explain appropriate incident response activities.,Incident containment,ransomware-network-isolation-preserve-host,hard,single_choice,scenario,,Endpoint detection confirms that ransomware is actively spreading from a workstation. The response team wants to limit further spread while keeping the system powered for forensic acquisition. Which immediate action most directly supports containment?,Restore the user's files from the latest known-good backup,Delete the suspected ransomware executable from the workstation,Begin the post-incident lessons-learned meeting,Network-isolate the workstation through the EDR platform or switch,D,Network isolation blocks the compromised workstation from communicating with other systems while leaving it powered and available for controlled evidence acquisition. That directly supports containment.,Restoring from backup is a recovery activity. It should occur after the threat is contained and the environment is ready for safe restoration.,Deleting the executable is an eradication action and may alter evidence. It does not necessarily stop other malicious processes or network sessions already active.,Lessons learned is a post-incident improvement activity. It does not limit an attack that is still spreading.,Network isolation immediately restricts lateral communication while preserving the powered system for forensic work.,Incident response phases|Containment|Ransomware response|Evidence preservation|Endpoint isolation,SRC-COMPTIA-SY0701-V6|SRC-NIST-SP800-61R3,CompTIA objective 4.8; NIST incident-response guidance for limiting incident impact and supporting response and recovery.,2026-07-19,2026-07-19,2026-07-19,approved,project-owner,,
SEC701-0000009,SEC-701,CompTIA Security+,SY0-701,6.0,1,SEC701-SAMPLE-001,5.0,Security Program Management and Oversight,5.2,Explain elements of the risk management process.,Quantitative risk analysis,ale-from-sle-and-aro,medium,single_choice,calculation,,"A risk analysis estimates that one successful event would cause a loss of $50,000 and that the event is expected once every five years. What is the annual loss expectancy?","$2,500","$10,000","$50,000","$250,000",B,"An event expected once every five years has an annualized rate of occurrence of 0.2. ALE equals SLE multiplied by ARO, so $50,000 × 0.2 = $10,000.","$2,500 would result from using an ARO of 0.05, which represents once every 20 years rather than once every five years.","The ARO is 1 ÷ 5, or 0.2. Multiplying the $50,000 single loss expectancy by 0.2 gives a $10,000 annual loss expectancy.","$50,000 is the single loss expectancy, the estimated loss from one event, not the annualized amount.","$250,000 multiplies the loss by five years instead of annualizing the expected frequency.",Annual loss expectancy|Single loss expectancy|Annualized rate of occurrence|Quantitative risk analysis,SRC-COMPTIA-SY0701-V6|SRC-NIST-RISK-ALE,CompTIA objective 5.2; quantitative risk relationship ALE = SLE × ARO.,2026-07-19,2026-07-19,2026-07-19,approved,project-owner,,
SEC701-0000010,SEC-701,CompTIA Security+,SY0-701,6.0,1,SEC701-SAMPLE-001,5.0,Security Program Management and Oversight,5.3,Explain the processes associated with third-party risk assessment and management.,Service-level agreements,sla-measurable-provider-targets,medium,single_choice,scenario,,"An organization is negotiating a cloud-service contract. It needs a document that states 99.9% availability, a 30-minute response target for severity-one incidents, and remedies when those targets are missed. Which agreement should contain these commitments?",Service-level agreement,Non-disclosure agreement,Memorandum of understanding,Statement of work,A,"A service-level agreement defines measurable service commitments such as availability, response times, reporting expectations, and remedies or consequences when performance targets are not met.","An SLA is designed to document measurable service levels, responsibilities, response targets, and remedies for missed performance commitments.",An NDA restricts disclosure of specified confidential information. It does not normally define uptime or incident-response performance targets.,"An MOU records a general understanding or intent between parties, often without the detailed measurable service commitments described here.","A statement of work defines project scope, tasks, deliverables, and timelines. It may reference an SLA, but it is not the primary agreement for ongoing service-performance targets.",Service-level agreements|Third-party risk|Vendor contracts|Availability commitments|Incident response targets,SRC-COMPTIA-SY0701-V6|SRC-NIST-SP800-47R1,"CompTIA objective 5.3; NIST agreement guidance for service levels, performance, and response times.",2026-07-19,2026-07-19,2026-07-19,approved,project-owner,,
SEC701-0000011,SEC-701,CompTIA Security+,SY0-701,6.0,1,SEC701-BATCH-002,1.0,General Security Concepts,1.1,Compare and contrast various types of security controls.,Security control classification,physical-preventive-turnstile,easy,single_choice,direct,,An organization installs badge-controlled turnstiles at the entrance to stop unauthorized people from entering office areas. How should this control be classified?,Physical preventive control,Technical detective control,Operational corrective control,Managerial directive control,A,"The turnstiles are physical devices that block unauthorized entry before it occurs, making them physical preventive controls.",Turnstiles physically restrict entry and are intended to prevent unauthorized access before it happens.,"A technical detective control uses technology to identify or report events, such as an intrusion-detection alert. The turnstiles physically block entry.",An operational corrective control consists of people-driven activities that restore or repair conditions after an event. The turnstiles act before entry occurs.,A managerial directive control establishes expectations through governance or policy. The turnstiles are an implemented physical barrier.,Security control categories|Preventive controls|Physical access controls,SRC-COMPTIA-SY0701-V6|SRC-NIST-SP800-53R5,CompTIA objective 1.1; NIST physical access and control-catalog concepts.,2026-07-19,2026-07-19,2026-07-19,approved,project-owner,,
SEC701-0000012,SEC-701,CompTIA Security+,SY0-701,6.0,1,SEC701-BATCH-002,1.0,General Security Concepts,1.2,Summarize fundamental security concepts.,Zero Trust components,zero-trust-policy-enforcement-point,medium,single_choice,scenario,,"In a Zero Trust architecture, a component sits in the data path and opens, monitors, or terminates a connection after receiving an access decision from the control plane. Which component performs this function?",Policy engine,Policy administrator,Policy enforcement point,Identity provider,C,"The policy enforcement point is positioned in the data path and enforces access decisions by enabling, monitoring, and terminating connections.",The policy engine evaluates inputs and makes the access decision. It does not directly handle the subject-to-resource traffic path.,"The policy administrator communicates and carries out the policy engine's decision, including directing the enforcement point. It is not the data-path component described.",The policy enforcement point controls the actual connection between the subject and resource and enforces the control-plane decision.,An identity provider supplies identity and authentication information. It does not directly open or terminate the protected connection.,Zero Trust architecture|Policy enforcement point|Policy engine|Policy administrator,SRC-COMPTIA-SY0701-V6|SRC-NIST-SP800-207,CompTIA objective 1.2; NIST SP 800-207 logical components.,2026-07-19,2026-07-19,2026-07-19,approved,project-owner,,
SEC701-0000013,SEC-701,CompTIA Security+,SY0-701,6.0,1,SEC701-BATCH-002,1.0,General Security Concepts,1.3,Explain the importance of change management processes and the impact to security.,Change rollback planning,change-management-backout-plan,easy,single_choice,scenario,,"Before a firewall-rule change, an administrator documents the exact steps required to restore the previous rule set if validation fails. Which change-management artifact is being prepared?",Impact analysis,Backout plan,Maintenance window,Asset inventory,B,A backout plan defines how to reverse a change and restore the prior known-working configuration when implementation or validation fails.,"Impact analysis identifies systems, dependencies, risks, and business effects that the change could influence. It does not provide the reversal procedure.",The documented steps for returning to the previous firewall configuration are the backout plan.,A maintenance window identifies when the work may occur. It does not explain how to undo the change.,An asset inventory records systems and ownership information. It is useful for planning but is not a rollback procedure.,Change management|Backout plans|Configuration control|Firewall changes,SRC-COMPTIA-SY0701-V6|SRC-NIST-SP800-128,CompTIA objective 1.3; NIST security-focused configuration and change control.,2026-07-19,2026-07-19,2026-07-19,approved,project-owner,,
SEC701-0000014,SEC-701,CompTIA Security+,SY0-701,6.0,1,SEC701-BATCH-002,2.0,"Threats, Vulnerabilities, and Mitigations",2.1,Compare and contrast common threat actors and motivations.,Insider threats,insider-threat-revenge-motivation,medium,single_choice,scenario,,"After being denied a promotion, a database administrator uses still-authorized access to copy confidential records and publicly releases them solely to embarrass the employer. Which classification best describes the actor and motivation?",An organized-crime actor motivated by financial gain,A hacktivist motivated by political beliefs,A nation-state actor motivated by espionage,An insider threat motivated by revenge,D,"The administrator is an insider because the person has authorized organizational access, and the stated purpose of harming the employer after a workplace grievance indicates revenge.",Organized-crime actors commonly pursue profit. The scenario identifies an employee acting to harm the employer without a financial objective.,Hacktivists are generally driven by ideological or political objectives. No such belief or cause is stated.,Nation-state espionage seeks strategic or intelligence value on behalf of a government. The scenario describes an internal grievance.,"The actor is an employee using legitimate access, and the retaliatory disclosure is motivated by revenge.",Threat actors|Insider threats|Threat motivations|Authorized access misuse,SRC-COMPTIA-SY0701-V6|SRC-CISA-INSIDER-THREAT,CompTIA objective 2.1; CISA insider-threat definition and mitigation guidance.,2026-07-19,2026-07-19,2026-07-19,approved,project-owner,,
SEC701-0000015,SEC-701,CompTIA Security+,SY0-701,6.0,1,SEC701-BATCH-002,2.0,"Threats, Vulnerabilities, and Mitigations",2.2,Explain common threat vectors and attack surfaces.,Supply-chain attacks,compromised-vendor-update-supply-chain,medium,single_choice,scenario,,Attackers compromise a software vendor's build system and insert malware into an update that the vendor distributes to customers. Which threat vector does this scenario demonstrate?,Watering-hole attack,Supply-chain compromise,Removable-media attack,On-path attack,B,"Compromising the vendor's development or distribution process uses a trusted supplier relationship to reach downstream customers, which is a supply-chain attack.",A watering-hole attack compromises a site that intended victims are likely to visit. The scenario compromises a vendor's product pipeline instead.,The attackers abuse the software supplier and its trusted update process to distribute malicious code to customers.,A removable-media attack relies on devices such as USB drives. No removable device is involved.,"An on-path attack intercepts or alters communications between parties. Here, the malicious code is inserted at the vendor before distribution.",Supply-chain risk|Software updates|Trusted vendors|Build-system compromise,SRC-COMPTIA-SY0701-V6|SRC-NIST-SP800-161R1,CompTIA objective 2.2; NIST cybersecurity supply-chain risk guidance.,2026-07-19,2026-07-19,2026-07-19,approved,project-owner,,
SEC701-0000016,SEC-701,CompTIA Security+,SY0-701,6.0,1,SEC701-BATCH-002,2.0,"Threats, Vulnerabilities, and Mitigations",2.2,Explain common threat vectors and attack surfaces.,Message-based social engineering,smishing-payroll-text-message,easy,single_choice,scenario,,An employee receives a text message that claims to be from payroll and links to a lookalike sign-in page. Which term most specifically describes this attack?,Smishing,Vishing,Business email compromise,Watering-hole attack,A,Smishing is phishing delivered through SMS or another text-messaging service. The fake payroll message attempts to steal credentials through a malicious link.,"The attack is delivered by text message, making smishing the most specific term.",Vishing uses a voice call or voice message to conduct social engineering rather than a text message.,"Business email compromise uses email and impersonation to induce fraudulent actions, commonly payments or data disclosure. The channel here is SMS.",A watering-hole attack compromises a website frequently visited by a target group. The attacker directly sent a malicious message instead.,Smishing|Phishing channels|Credential harvesting|Brand impersonation,SRC-COMPTIA-SY0701-V6|SRC-CISA-PHISHING,CompTIA objective 2.2; CISA phishing-channel and recognition guidance.,2026-07-19,2026-07-19,2026-07-19,approved,project-owner,,
SEC701-0000017,SEC-701,CompTIA Security+,SY0-701,6.0,1,SEC701-BATCH-002,2.0,"Threats, Vulnerabilities, and Mitigations",2.3,Explain various types of vulnerabilities.,Race conditions,toctou-file-symlink-race,hard,single_choice,scenario,,"A privileged service checks that a temporary file is owned by an approved user. Before the service opens the file by pathname, an attacker replaces the path with a symbolic link to a protected file. Which vulnerability is being exploited?",Buffer overflow,SQL injection,Time-of-check time-of-use race condition,Virtual machine escape,C,The resource changes between the ownership check and the later use of the pathname. This is a time-of-check time-of-use race condition.,A buffer overflow writes beyond an allocated memory boundary. The scenario involves a change in file state between two operations.,SQL injection changes a database query through untrusted input. No SQL command or database query is involved.,"The attacker exploits the interval between checking the file and using it, invalidating the result of the earlier check.",A virtual machine escape crosses a virtualization boundary from a guest into the host or another guest. The scenario concerns filesystem timing.,Race conditions|TOCTOU|File-system security|Symbolic links,SRC-COMPTIA-SY0701-V6|SRC-MITRE-CWE367,CompTIA objective 2.3; MITRE CWE-367 definition and examples.,2026-07-19,2026-07-19,2026-07-19,approved,project-owner,,
SEC701-0000018,SEC-701,CompTIA Security+,SY0-701,6.0,1,SEC701-BATCH-002,3.0,Security Architecture,3.1,Compare and contrast security implications of different architecture models.,Container architecture,containers-shared-host-kernel,medium,single_choice,comparison,,Which security implication most directly distinguishes many application containers from traditional virtual machines?,Each container requires a separate guest operating system and hypervisor,Container images cannot be vulnerability-scanned before deployment,Containers cannot be segmented from one another at the network layer,"Multiple containers often share the host kernel, so a kernel compromise can affect several workloads",D,Containers commonly provide operating-system-level isolation while sharing the host kernel. A kernel or container-runtime compromise can therefore affect multiple containers on the host.,Traditional virtual machines commonly include separate guest operating systems. Containers generally package applications and dependencies while sharing the host kernel.,"Container images can and should be scanned for vulnerabilities, secrets, and policy violations before deployment.","Containers can be isolated with namespaces, network policies, segmentation, and other controls, although those controls must be configured correctly.",Shared-kernel architecture is a central security distinction because the kernel is part of the isolation boundary for multiple containers.,Containers vs virtual machines|Shared kernels|Container isolation|Container runtime security,SRC-COMPTIA-SY0701-V6|SRC-NIST-SP800-190,CompTIA objective 3.1; NIST container architecture and security concerns.,2026-07-19,2026-07-19,2026-07-19,approved,project-owner,,
SEC701-0000019,SEC-701,CompTIA Security+,SY0-701,6.0,1,SEC701-BATCH-002,3.0,Security Architecture,3.2,"Given a scenario, apply security principles to secure enterprise infrastructure.",DMZ architecture,dmz-web-tier-internal-database,hard,single_choice,scenario,,A public e-commerce application requires a web server and a database server. Which design best limits direct exposure while preserving the required application flow?,"Place the web server in a DMZ, keep the database on an internal segment, and allow only the required database connection from the web server",Place both servers in the DMZ and permit Internet access to the web and database service ports,Place both servers on the internal user network and allow inbound Internet traffic to the entire subnet,Place the database in the DMZ and allow the internal web server to query it through any outbound port,A,"The public-facing web tier belongs in a DMZ, while the database remains on a more trusted internal segment. A narrowly scoped firewall rule permits only the application traffic that is required.",This design separates the exposed service from the sensitive data tier and applies least privilege to the permitted connection.,Exposing the database service to the Internet unnecessarily increases the attack surface even if the web server is also in the DMZ.,Placing public-facing systems on the user network and opening the subnet weakens segmentation and exposes unrelated internal hosts.,The database is the more sensitive tier and should not be the public-facing component. Allowing any outbound port also violates least privilege.,DMZ design|Network segmentation|Three-tier architecture|Firewall rules|Least privilege,SRC-COMPTIA-SY0701-V6|SRC-NIST-SP800-41R1,CompTIA objective 3.2; NIST firewall placement and policy guidance.,2026-07-19,2026-07-19,2026-07-19,approved,project-owner,,
SEC701-0000020,SEC-701,CompTIA Security+,SY0-701,6.0,1,SEC701-BATCH-002,3.0,Security Architecture,3.2,"Given a scenario, apply security principles to secure enterprise infrastructure.",Failure modes,nac-policy-server-fail-closed,medium,single_choice,scenario,,A network access control appliance cannot reach its policy server. The security requirement states that devices that cannot be validated must not enter the production network until validation is restored. Which failure mode satisfies the requirement?,Fail-open,Active-active,Fail-closed,Load-balanced,C,"Fail-closed denies access when the control cannot validate or safely process the request, matching the requirement to block unverified devices.","Fail-open would permit access when the validation service is unavailable, contradicting the requirement.",Active-active describes multiple components operating concurrently for availability. It does not define whether access is allowed during validation failure.,Fail-closed preserves the security restriction by denying access until the control can validate the device.,Load balancing distributes requests across resources. It does not specify the authorization result when policy validation fails.,Fail-open vs fail-closed|Network access control|Secure failure modes,SRC-COMPTIA-SY0701-V6|SRC-NIST-SP800-53R5,CompTIA objective 3.2; secure default and fail-safe control principles.,2026-07-19,2026-07-19,2026-07-19,approved,project-owner,,
SEC701-0000021,SEC-701,CompTIA Security+,SY0-701,6.0,1,SEC701-BATCH-002,4.0,Security Operations,4.1,"Given a scenario, apply common security techniques to computing resources.",Application allowlisting,kiosk-application-allowlisting,easy,single_choice,scenario,,"Shared kiosks should run only an approved browser and a management agent. Any other executable must be blocked, including previously unknown malware. Which technique best meets the requirement?",Signature-based denylisting,Application allowlisting,Full-disk encryption,Passive network monitoring,B,"Application allowlisting permits only explicitly approved software to execute, which blocks both known and unknown unauthorized programs on tightly controlled kiosks.",Denylisting blocks items already identified as unwanted. Newly created or unknown executables may not yet appear on the list.,Allowlisting matches the requirement by permitting the browser and agent while blocking everything else by default.,Full-disk encryption protects stored data when the device is powered off or the drive is removed. It does not restrict which programs can run.,Passive monitoring can observe traffic but does not prevent unauthorized executables from launching.,Application allowlisting|Endpoint hardening|Secure kiosks|Default deny,SRC-COMPTIA-SY0701-V6|SRC-NIST-SP800-53R5,CompTIA objective 4.1; NIST software execution restriction controls.,2026-07-19,2026-07-19,2026-07-19,approved,project-owner,,
SEC701-0000022,SEC-701,CompTIA Security+,SY0-701,6.0,1,SEC701-BATCH-002,4.0,Security Operations,4.2,"Explain the security implications of proper hardware, software, and data asset management.",Media sanitization,ssd-cryptographic-erase-for-reuse,hard,single_choice,scenario,,A self-encrypting SSD that stored confidential data will be reassigned for reuse. The organization centrally manages the media-encryption key and has a validated cryptographic-erase process. Which action best sanitizes the data while allowing the drive to be reused?,Delete the files and empty the recycle bin,Perform a quick format of the SSD,Physically shred the SSD,Perform the validated cryptographic erase by securely destroying the media-encryption key,D,"A validated cryptographic erase sanitizes encrypted media by securely eliminating the key needed to decrypt the stored data, while leaving the physical device available for reuse.",File deletion normally removes references to data rather than making the underlying data infeasible to recover.,A quick format recreates filesystem structures but generally does not sanitize all previously stored data.,"Physical destruction can make recovery infeasible, but it also prevents the required reuse of the SSD.","When all target data is properly encrypted and the process is validated, destroying the encryption key can sanitize the drive without destroying the hardware.",Media sanitization|Cryptographic erase|SSD disposal and reuse|Data remanence,SRC-COMPTIA-SY0701-V6|SRC-NIST-SP800-88R2,CompTIA objective 4.2; current NIST media-sanitization guidance.,2026-07-19,2026-07-19,2026-07-19,approved,project-owner,,
SEC701-0000023,SEC-701,CompTIA Security+,SY0-701,6.0,1,SEC701-BATCH-002,4.0,Security Operations,4.4,Explain security alerting and monitoring concepts and tools.,SIEM alert tuning,siem-approved-scanner-exception,medium,single_choice,scenario,,A SIEM generates thousands of alerts from an authorized vulnerability scanner during its approved weekly scan. Analysts want to reduce these false positives without suppressing the same activity from unapproved sources. What is the best tuning change?,"Add an exception scoped to the scanner identity, source addresses, and approved time window while retaining alerts for other sources",Disable the detection rule during every business day,Delete the scanner logs before they reach the SIEM,Raise the alert severity so analysts notice the events sooner,A,"A narrowly scoped exception preserves useful detection while recognizing the approved scanner, its known addresses, and its authorized schedule.",This approach reduces known benign alerts while continuing to detect equivalent activity from unexpected systems or times.,Disabling the rule for broad periods creates detection gaps unrelated to the approved scan.,"Deleting source logs removes evidence that may be useful for validation, troubleshooting, or later investigation.",Increasing severity does not reduce false positives and may make analyst workload worse.,SIEM tuning|False positives|Vulnerability scanners|Alert exceptions|Log preservation,SRC-COMPTIA-SY0701-V6|SRC-NIST-SP800-137,CompTIA objective 4.4; continuous-monitoring analysis and response to findings.,2026-07-19,2026-07-19,2026-07-19,approved,project-owner,,
SEC701-0000024,SEC-701,CompTIA Security+,SY0-701,6.0,1,SEC701-BATCH-002,4.0,Security Operations,4.5,"Given a scenario, modify enterprise capabilities to enhance security.",Intrusion prevention,inline-ips-blocks-exploit-traffic,easy,single_choice,direct,,"Which capability is designed to operate inline, detect malicious traffic, and automatically block matching packets before they reach the intended target?",Intrusion detection system,Data loss prevention system,Intrusion prevention system,DNS filtering service,C,"An intrusion prevention system can inspect traffic inline and take active action, such as dropping packets or terminating sessions, when it detects malicious activity.",An intrusion detection system identifies and reports suspicious activity but is generally not the inline blocking control described.,Data loss prevention focuses on detecting or preventing unauthorized disclosure of sensitive data rather than broadly blocking exploit traffic.,An IPS combines detection with active prevention and can block malicious packets before they reach the target.,DNS filtering controls domain-name resolution or access based on domain reputation and policy. It does not inspect and block arbitrary exploit packets inline.,IDS vs IPS|Inline security controls|Network intrusion prevention,SRC-COMPTIA-SY0701-V6|SRC-NIST-SP800-94,CompTIA objective 4.5; NIST intrusion detection and prevention definitions.,2026-07-19,2026-07-19,2026-07-19,approved,project-owner,,
SEC701-0000025,SEC-701,CompTIA Security+,SY0-701,6.0,1,SEC701-BATCH-002,4.0,Security Operations,4.7,Explain the importance of automation and orchestration related to secure operations.,Security automation safeguards,soar-high-impact-action-validation,hard,single_choice,scenario,,A SOAR playbook automatically disables a user account whenever a single geographically inconsistent sign-in alert fires. False positives are causing widespread account lockouts. Which improvement best preserves automation while reducing operational risk?,Disable all automated response actions and handle every alert manually,"Require corroborating signals or approval before disabling accounts, and provide a tested rollback path",Increase the playbook polling frequency so it reacts faster,Suppress geographically inconsistent sign-in alerts for every remote user,B,"High-impact automated actions should use sufficient validation, appropriate approval thresholds, and recovery mechanisms. Corroboration and rollback reduce false-positive harm without discarding automation.",Removing all automation avoids the specific lockout problem but also abandons the speed and consistency benefits that can be retained with safer controls.,"Corroborating evidence or an approval gate reduces erroneous disablements, while rollback supports quick recovery when an action is incorrect.",Faster polling would trigger the same faulty logic more quickly and does not improve decision quality.,Suppressing the alert for all remote users creates a broad monitoring blind spot and may hide genuine account compromise.,SOAR|Automation risks|Human approval gates|Corroborating evidence|Rollback procedures|Travel-anomaly alerts,SRC-COMPTIA-SY0701-V6|SRC-NIST-SP800-53R5,"CompTIA objective 4.7; automated response, control validation, and recovery safeguards.",2026-07-19,2026-07-19,2026-07-19,approved,project-owner,,
SEC701-0000026,SEC-701,CompTIA Security+,SY0-701,6.0,1,SEC701-BATCH-002,4.0,Security Operations,4.9,"Given a scenario, use data sources to support an investigation.",Investigation data sources,packet-capture-http-request-response,medium,single_choice,scenario,,"During an investigation, an analyst needs to determine the exact unencrypted HTTP request and response bytes exchanged between a workstation and a server. Which data source most directly provides this information?",DNS resolver log,Authentication log,Vulnerability scan report,Packet capture,D,A packet capture records network packets and can reveal the headers and payload bytes of unencrypted HTTP traffic exchanged during the captured session.,A DNS log can show name-resolution queries and responses but does not contain the HTTP request and response payloads.,"An authentication log records sign-in events and related identity data, not the full network exchange.",A vulnerability report identifies findings and affected assets but does not preserve the session's transmitted bytes.,A packet capture provides the network-level evidence needed to reconstruct an unencrypted request and response.,Packet captures|Network investigations|HTTP traffic|Log and data-source selection,SRC-COMPTIA-SY0701-V6|SRC-NIST-SP800-92,CompTIA objective 4.9; NIST log-management and investigation data-source concepts.,2026-07-19,2026-07-19,2026-07-19,approved,project-owner,,
SEC701-0000027,SEC-701,CompTIA Security+,SY0-701,6.0,1,SEC701-BATCH-002,5.0,Security Program Management and Oversight,5.1,Summarize elements of effective security governance.,Governance documents,encryption-standard-approved-algorithms,easy,single_choice,direct,,A security policy requires sensitive data to be encrypted. A second mandatory document lists the approved algorithms and minimum key lengths that all teams must use. What type of governance document is the second document?,Policy,Procedure,Standard,Guideline,C,"A standard provides mandatory, specific requirements that support a broader policy, such as approved encryption algorithms and minimum key sizes.",The policy states the high-level requirement to encrypt sensitive data. The second document supplies more specific mandatory rules.,A procedure provides step-by-step instructions for performing a task. A list of required algorithms and key lengths is a standard.,Standards translate policy into consistent mandatory technical or operational requirements.,A guideline is generally recommended rather than mandatory. The scenario states that every team must follow the document.,Policies vs standards|Procedures|Guidelines|Security governance,SRC-COMPTIA-SY0701-V6|SRC-NIST-CSF2,"CompTIA objective 5.1; NIST governance, policy, roles, and oversight concepts.",2026-07-19,2026-07-19,2026-07-19,approved,project-owner,,
SEC701-0000028,SEC-701,CompTIA Security+,SY0-701,6.0,1,SEC701-BATCH-002,5.0,Security Program Management and Oversight,5.4,Summarize elements of effective security compliance.,Privacy and data minimization,privacy-minimize-signup-data,medium,single_choice,scenario,,A newsletter signup form requests a full date of birth and a government identification number even though the service only needs an email address to deliver the newsletter. Which change best supports privacy compliance?,Collect only the email address and remove the unnecessary fields,Keep every field but encrypt the database,Keep every field and add a broad consent checkbox,Retain all signup data indefinitely for possible future analytics,A,Data minimization limits collection and processing to information that is necessary for the stated purpose. Removing unneeded sensitive fields reduces privacy risk and compliance burden.,Collecting only the information needed to provide the newsletter directly applies data minimization.,Encryption protects stored data but does not justify collecting sensitive information that the service does not need.,"Consent can be relevant, but a broad checkbox does not remove the risk created by unnecessary collection and processing.",Indefinite retention increases exposure and conflicts with limiting data processing to a defined purpose and period.,Data minimization|Privacy compliance|Purpose limitation|Data collection|Retention,SRC-COMPTIA-SY0701-V6|SRC-NIST-PRIVACY-FRAMEWORK,CompTIA objective 5.4; NIST Privacy Framework data-processing limitation and minimization.,2026-07-19,2026-07-19,2026-07-19,approved,project-owner,,
SEC701-0000029,SEC-701,CompTIA Security+,SY0-701,6.0,1,SEC701-BATCH-002,5.0,Security Program Management and Oversight,5.5,Explain types and purposes of audits and assessments.,Penetration testing approaches,black-box-external-penetration-test,medium,single_choice,scenario,,"An external penetration tester receives only the organization's public name and is given no credentials, network diagrams, source code, or internal configuration details. The tester is expected to simulate an uninformed outside attacker. Which assessment approach is being used?",White-box testing,Gray-box testing,Internal audit,Black-box testing,D,Black-box testing provides little or no internal knowledge and is intended to approximate the perspective of an external attacker discovering the environment independently.,"White-box testing provides extensive internal knowledge, such as architecture, credentials, configurations, or source code.",Gray-box testing provides partial knowledge or limited access. The tester in this scenario receives no internal information.,An internal audit evaluates controls and compliance from within an organization. It is not the external attack simulation described.,The absence of internal knowledge and credentials makes this a black-box assessment.,Black-box testing|White-box testing|Gray-box testing|Penetration testing,SRC-COMPTIA-SY0701-V6|SRC-NIST-SP800-115,CompTIA objective 5.5; NIST technical security testing and assessment approaches.,2026-07-19,2026-07-19,2026-07-19,approved,project-owner,,
SEC701-0000030,SEC-701,CompTIA Security+,SY0-701,6.0,1,SEC701-BATCH-002,5.0,Security Program Management and Oversight,5.6,"Given a scenario, implement security awareness practices.",Phishing awareness,phishing-reporting-rate-targeted-training,medium,single_choice,scenario,,"A phishing simulation shows that the employee click rate has decreased, but very few employees report suspicious messages to the security team. Which next step best addresses the remaining weakness?",Publicly identify employees who did not report the messages,"Provide targeted practice on the reporting process, then repeat the simulation and measure the reporting rate",Stop running simulations because the click rate improved,Block every external email attachment for all employees,B,"The remaining measurable gap is reporting behavior. Targeted practice, clear reporting instructions, and a later simulation directly teach and verify the needed response.",Public shaming can discourage participation and reporting. Awareness programs should build recognition and a reliable reporting culture.,"Training and practice focused on the reporting process address the observed weakness, and repeating the exercise provides a meaningful measurement.","A lower click rate is useful, but the low reporting rate shows that the awareness objective has not been fully met.",Blocking all attachments is a broad technical restriction that does not teach employees how to recognize and report phishing through other channels.,Security awareness|Phishing simulations|Reporting procedures|Awareness metrics,SRC-COMPTIA-SY0701-V6|SRC-CISA-PHISHING,"CompTIA objective 5.6; CISA anti-phishing training, reporting, simulation, and results-analysis guidance.",2026-07-19,2026-07-19,2026-07-19,approved,project-owner,,
SEC701-0000031,SEC-701,CompTIA Security+,SY0-701,6.0,1,SEC701-BATCH-003,1.0,General Security Concepts,1.2,Summarize fundamental security concepts.,Authorization,role-permission-refund-authorization,medium,single_choice,scenario,,"A user signs in successfully to a customer-service application. Before allowing the user to approve a refund, the application checks whether the user's assigned role includes refund approval. Which security function is the application performing?",Accounting,Authorization,Authentication,Non-repudiation,B,Authorization determines what an authenticated identity is permitted to do. The role check decides whether the signed-in user may approve refunds.,"Accounting records or reports activity, such as which user approved a refund and when. It does not decide whether the action is permitted.","The application is evaluating the user's role and permissions, which is authorization.","Authentication verifies an identity, such as during sign-in. The user has already authenticated before the permission check occurs.",Non-repudiation provides evidence that an action or message can be attributed to a party. It is not the access decision described.,Authentication vs authorization|AAA|Role-based access control|Permissions,SRC-COMPTIA-SY0701-V6|SRC-NIST-SP800-53R5,CompTIA objective 1.2; NIST access-control and identification concepts.,2026-07-19,2026-07-19,2026-07-19,approved,initial-quality-review,,Automatically approved during the accelerated build phase before the bank reaches 150 questions.
SEC701-0000032,SEC-701,CompTIA Security+,SY0-701,6.0,1,SEC701-BATCH-003,1.0,General Security Concepts,1.3,Explain the importance of change management processes and the impact to security.,Configuration version control,firewall-configuration-version-history,medium,single_choice,direct,,"A network team needs to compare proposed firewall configurations, identify who changed each rule, and restore a previously approved configuration when necessary. Which change-management capability best supports these requirements?",Impact analysis,Maintenance scheduling,Stakeholder notification,Version control,D,"Version control preserves configuration history, identifies changes and authors, supports comparison, and allows restoration of an earlier approved version.",Impact analysis evaluates dependencies and potential consequences before a change. It does not maintain a reusable history of configuration versions.,Maintenance scheduling defines when a change may be performed. It does not track or restore configuration revisions.,Stakeholder notification communicates planned or completed changes. It does not provide configuration comparison or rollback history.,Version control records revisions and authorship and supports comparison and restoration of prior configurations.,Change management|Version control|Configuration history|Rollback,SRC-COMPTIA-SY0701-V6|SRC-NIST-SP800-128,CompTIA objective 1.3; NIST security-focused configuration management.,2026-07-19,2026-07-19,2026-07-19,approved,initial-quality-review,,Automatically approved during the accelerated build phase before the bank reaches 150 questions.
SEC701-0000033,SEC-701,CompTIA Security+,SY0-701,6.0,1,SEC701-BATCH-003,1.0,General Security Concepts,1.4,Explain the importance of using appropriate cryptographic solutions.,Certificate revocation checking,ocsp-current-certificate-revocation-status,medium,single_choice,scenario,,"A browser receives a server certificate that is still within its validity dates. The browser must determine whether the issuing certificate authority has revoked that specific certificate, and it should obtain a timely status response without downloading a complete revocation list. Which mechanism should it use?",Online Certificate Status Protocol,Certificate signing request,Key escrow,Certificate pinning,A,OCSP allows a client to request the current revocation status of a particular X.509 certificate from an authorized responder without retrieving an entire certificate revocation list.,OCSP is designed to provide timely status information for a specific certificate.,A certificate signing request is submitted when requesting issuance of a certificate. It does not report whether an existing certificate has been revoked.,Key escrow stores or protects recovery copies of cryptographic keys. It is unrelated to certificate revocation status.,Certificate pinning restricts which certificate or public key a client will trust. It does not query the certificate authority for current revocation status.,OCSP|Certificate revocation|PKI|Certificate validity,SRC-COMPTIA-SY0701-V6|SRC-RFC6960,CompTIA objective 1.4; RFC 6960 OCSP purpose and operation.,2026-07-19,2026-07-19,2026-07-19,approved,initial-quality-review,,Automatically approved during the accelerated build phase before the bank reaches 150 questions.
SEC701-0000034,SEC-701,CompTIA Security+,SY0-701,6.0,1,SEC701-BATCH-003,2.0,"Threats, Vulnerabilities, and Mitigations",2.1,Compare and contrast common threat actors and motivations.,Threat actor capability and motivation,unskilled-attacker-notoriety-defacement,easy,single_choice,direct,,"An individual with little funding downloads a publicly available exploit tool, defaces a school website, and boasts about the attack online to gain recognition. Which description best fits this threat actor?",Organized crime motivated by financial gain,Nation-state actor motivated by espionage,Unskilled attacker motivated by notoriety,Insider threat motivated by revenge,C,"The actor relies on publicly available tools, has limited resources, and seeks recognition rather than financial or strategic gain. That pattern fits an unskilled attacker motivated by notoriety.",Organized crime generally has greater resources and commonly pursues financial gain. The scenario identifies neither.,"Nation-state actors are typically well resourced and pursue strategic, political, or intelligence objectives.",Limited skill and resources combined with public boasting for recognition match an unskilled attacker motivated by notoriety.,An insider has authorized organizational access. The scenario does not identify an employee or other trusted internal party.,Threat actor attributes|Threat motivations|Unskilled attackers|Notoriety,SRC-COMPTIA-SY0701-V6,CompTIA objective 2.1 threat-actor attributes and motivations.,2026-07-19,2026-07-19,2026-07-19,approved,initial-quality-review,,Automatically approved during the accelerated build phase before the bank reaches 150 questions.
SEC701-0000035,SEC-701,CompTIA Security+,SY0-701,6.0,1,SEC701-BATCH-003,2.0,"Threats, Vulnerabilities, and Mitigations",2.2,Explain common threat vectors and attack surfaces.,Removable-media social engineering,baiting-labeled-usb-malware,easy,single_choice,scenario,,"An attacker leaves USB drives labeled 'Executive Salary Plan' in an employee break room. An employee connects one of the drives, causing malware to run. Which attack method is most directly demonstrated?",Removable-media baiting,Watering-hole attack,Vishing,On-path attack,A,The attacker uses an enticing label to persuade a victim to connect malicious removable media. This combines baiting with a removable-media attack vector.,"The attractive label is the bait, and the USB drive is the removable-media delivery mechanism.",A watering-hole attack compromises a website that intended victims are likely to visit.,Vishing uses voice calls or voice messages for social engineering.,An on-path attack intercepts or alters communication between two parties. No network interception is described.,Baiting|Removable media|Social engineering|USB security,SRC-COMPTIA-SY0701-V6|SRC-NIST-SP800-53R5,CompTIA objective 2.2; NIST media-use and removable-media controls.,2026-07-19,2026-07-19,2026-07-19,approved,initial-quality-review,,Automatically approved during the accelerated build phase before the bank reaches 150 questions.
SEC701-0000036,SEC-701,CompTIA Security+,SY0-701,6.0,1,SEC701-BATCH-003,2.0,"Threats, Vulnerabilities, and Mitigations",2.3,Explain various types of vulnerabilities.,SQL injection prevention,parameterized-query-prevents-sql-injection,medium,single_choice,scenario,,A web application builds a database query by concatenating a username supplied in an HTTP request. Testers can enter SQL syntax that changes the meaning of the query. Which code change most directly addresses the vulnerability?,Encode the application's HTML output,Encrypt the database storage volume,Disable client-side JavaScript,Use prepared statements with bound parameters,D,"Prepared statements with parameter binding keep user input separate from SQL command structure, preventing the input from being interpreted as executable SQL.",Output encoding is a primary defense against cross-site scripting when placing untrusted data into HTML. It does not separate input from SQL syntax.,Storage encryption protects database files at rest. It does not prevent the application from executing a maliciously altered query.,Disabling client-side JavaScript does not change how the server constructs its SQL statement.,"Parameterized queries treat the username as data rather than SQL code, directly addressing the injection flaw.",SQL injection|Prepared statements|Parameterized queries|Input handling,SRC-COMPTIA-SY0701-V6|SRC-OWASP-SQLI,CompTIA objective 2.3; OWASP SQL Injection Prevention guidance.,2026-07-19,2026-07-19,2026-07-19,approved,initial-quality-review,,Automatically approved during the accelerated build phase before the bank reaches 150 questions.
SEC701-0000037,SEC-701,CompTIA Security+,SY0-701,6.0,1,SEC701-BATCH-003,2.0,"Threats, Vulnerabilities, and Mitigations",2.4,"Given a scenario, analyze indicators of malicious activity.",DNS tunneling indicators,dns-tunneling-long-encoded-subdomains,hard,single_choice,scenario,,"A workstation begins sending frequent DNS TXT queries to one external domain. The query names contain unusually long, high-entropy subdomain labels, and the volume of DNS data is much greater than the host's normal baseline. Which malicious activity is most consistent with these indicators?",Domain generation algorithm activity,DNS tunneling,ARP spoofing,Credential stuffing,B,"DNS tunneling encodes command, control, or exfiltrated data into DNS queries or responses. Long encoded labels, TXT records, and abnormal DNS volume are strong indicators.",A domain generation algorithm commonly produces many changing domain names for rendezvous. The scenario emphasizes encoded data sent repeatedly through one domain.,The unusual encoded subdomains and high DNS data volume are characteristic of tunneling information through DNS.,ARP spoofing manipulates local network address-resolution mappings and would not produce this pattern of external DNS TXT traffic.,Credential stuffing uses stolen username-and-password pairs against authentication services. It does not explain encoded DNS queries.,DNS tunneling|Command and control|DNS TXT records|Network indicators,SRC-COMPTIA-SY0701-V6|SRC-MITRE-T1071-004,CompTIA objective 2.4; MITRE ATT&CK T1071.004 DNS communications.,2026-07-19,2026-07-19,2026-07-19,approved,initial-quality-review,,Automatically approved during the accelerated build phase before the bank reaches 150 questions.
SEC701-0000038,SEC-701,CompTIA Security+,SY0-701,6.0,1,SEC701-BATCH-003,2.0,"Threats, Vulnerabilities, and Mitigations",2.5,Explain the purpose of mitigation techniques used to secure the enterprise.,Service-account least privilege,backup-service-account-minimum-permissions,medium,single_choice,scenario,,A backup application runs under a domain administrator account even though it only needs to read selected file shares and write backup files to one repository. Which mitigation most directly reduces the risk created by the account?,Keep the domain administrator account and rotate its password monthly,Encrypt all backup traffic while retaining the current privileges,Use a dedicated service account with only the required share and repository permissions and deny interactive sign-in,Add the backup account to the local administrators group on every protected server,C,A dedicated noninteractive service account with narrowly scoped permissions applies least privilege and reduces the damage possible if the account is compromised.,"Password rotation can reduce exposure time, but the account would still hold unnecessary domain-wide privileges.",Encryption protects backup traffic in transit but does not reduce the excessive authority assigned to the service account.,The dedicated account receives only the access required for backup operations and cannot be used for ordinary interactive administration.,Adding more administrative memberships increases rather than reduces the account's privileges and attack impact.,Least privilege|Service accounts|Privileged access|Account hardening,SRC-COMPTIA-SY0701-V6|SRC-NIST-SP800-53R5|SRC-NIST-SP800-207,CompTIA objective 2.5; NIST least-privilege and Zero Trust principles.,2026-07-19,2026-07-19,2026-07-19,approved,initial-quality-review,,Automatically approved during the accelerated build phase before the bank reaches 150 questions.
SEC701-0000039,SEC-701,CompTIA Security+,SY0-701,6.0,1,SEC701-BATCH-003,3.0,Security Architecture,3.1,Compare and contrast security implications of different architecture models.,Serverless shared responsibility,serverless-customer-code-iam-secrets,medium,single_choice,comparison,,A company deploys an application using a cloud function-as-a-service platform. Which security responsibility most commonly remains with the customer rather than the cloud provider?,Physical protection of the provider's data center,Patching the provider's hypervisor,Maintaining the underlying host operating system,"Securing the function code, permissions, data, and application secrets",D,"In a serverless model, the provider manages the underlying physical and platform infrastructure, while the customer remains responsible for application code, identities, permissions, data, and secrets.",Physical facility protection is normally part of the cloud provider's infrastructure responsibility.,The provider operates and patches the hypervisor or comparable isolation layer.,The provider maintains the host operating system that runs the managed function platform.,"Customers control their code, access permissions, data handling, and secrets and must secure those elements.",Serverless security|Shared responsibility|Function as a service|Cloud IAM|Secrets management,SRC-COMPTIA-SY0701-V6|SRC-NIST-SP800-53R5,CompTIA objective 3.1; cloud shared-responsibility and access-control principles.,2026-07-19,2026-07-19,2026-07-19,approved,initial-quality-review,,Automatically approved during the accelerated build phase before the bank reaches 150 questions.
SEC701-0000040,SEC-701,CompTIA Security+,SY0-701,6.0,1,SEC701-BATCH-003,3.0,Security Architecture,3.2,"Given a scenario, apply security principles to secure enterprise infrastructure.",Out-of-band management,dedicated-out-of-band-device-management,easy,single_choice,scenario,,Administrators need a way to manage routers and switches even when the production network is unavailable or suspected of compromise. The management traffic must remain isolated from ordinary user traffic. Which design best meets the requirement?,Place management interfaces on the employee workstation VLAN,Use a dedicated out-of-band management network,Expose each management interface to the Internet over HTTPS,Rely on network address translation on the production subnet,B,A dedicated out-of-band management network separates administrative access from the production data path and can remain available when the production network is disrupted.,The employee VLAN mixes privileged management traffic with ordinary endpoints and increases exposure.,An out-of-band network provides an isolated administrative path independent of normal production traffic.,Direct Internet exposure unnecessarily increases the attack surface of critical management interfaces.,NAT changes addressing but does not create an independent or isolated management path.,Out-of-band management|Management networks|Network segmentation|Infrastructure security,SRC-COMPTIA-SY0701-V6|SRC-NIST-SP800-53R5,CompTIA objective 3.2; NIST boundary protection and privileged-access concepts.,2026-07-19,2026-07-19,2026-07-19,approved,initial-quality-review,,Automatically approved during the accelerated build phase before the bank reaches 150 questions.
SEC701-0000041,SEC-701,CompTIA Security+,SY0-701,6.0,1,SEC701-BATCH-003,3.0,Security Architecture,3.3,Compare and contrast concepts and strategies to protect data.,Data sovereignty,foreign-backup-jurisdiction-data-sovereignty,hard,single_choice,comparison,,A cloud provider stores a company's primary customer database in Country X but replicates backups to infrastructure physically located in Country Y. Which concept specifically explains why Country Y's laws may govern access to the replicated backup?,Data residency,Data remanence,Data sovereignty,Data classification,C,Data sovereignty concerns the legal jurisdiction and laws that apply to data based on where it is stored or processed. The backup's location may subject it to Country Y's legal authority.,Data residency concerns the geographic location in which data must be stored. The question asks specifically why the destination country's laws may apply.,Data remanence is residual data that remains after deletion or sanitization attempts.,Data sovereignty addresses the legal and regulatory authority that a jurisdiction may exercise over data located there.,Data classification assigns sensitivity or handling categories. It does not determine which country's laws govern the data.,Data sovereignty|Data residency|Geolocation|Cloud data protection|Jurisdiction,SRC-COMPTIA-SY0701-V6|SRC-NIST-PRIVACY-FRAMEWORK,CompTIA objective 3.3; privacy-risk and jurisdictional data-handling concepts.,2026-07-19,2026-07-19,2026-07-19,approved,initial-quality-review,,Automatically approved during the accelerated build phase before the bank reaches 150 questions.
SEC701-0000042,SEC-701,CompTIA Security+,SY0-701,6.0,1,SEC701-BATCH-003,3.0,Security Architecture,3.4,Explain the importance of resilience and recovery in security architecture.,Differential backups,restore-full-plus-latest-differential,medium,single_choice,scenario,,A server receives a full backup every Sunday and a differential backup at the end of each weekday. The server fails Friday morning before Friday's backup. Which backup set is sufficient to restore the server through the end of Thursday?,The Sunday full backup and the Thursday differential backup,"The Monday, Tuesday, Wednesday, and Thursday differential backups",The Thursday differential backup by itself,The Sunday full backup and every differential backup from Monday through Thursday,A,A differential backup contains all changes since the most recent full backup. Restoring the Sunday full backup followed by the latest Thursday differential restores the system through Thursday.,"The full backup establishes the baseline, and the latest differential contains every change since that full backup.",Differential backups are not chained together. Earlier differentials are unnecessary when the latest one is available.,A differential backup contains changes rather than a complete restorable system and therefore needs the preceding full backup.,Only the most recent differential is needed after the full backup; applying all earlier differentials adds unnecessary steps.,Full backups|Differential backups|Backup restoration|Disaster recovery,SRC-COMPTIA-SY0701-V6|SRC-NIST-SP800-34R1,CompTIA objective 3.4; NIST contingency and backup recovery guidance.,2026-07-19,2026-07-19,2026-07-19,approved,initial-quality-review,,Automatically approved during the accelerated build phase before the bank reaches 150 questions.
SEC701-0000043,SEC-701,CompTIA Security+,SY0-701,6.0,1,SEC701-BATCH-003,4.0,Security Operations,4.1,"Given a scenario, apply common security techniques to computing resources.",Enterprise wireless authentication,wpa3-enterprise-radius-per-user-access,medium,single_choice,scenario,,"An organization wants corporate Wi-Fi to authenticate each employee individually, use the central identity directory, and revoke one employee's access without changing a password shared by everyone. Which wireless configuration best meets the requirement?",WEP with a rotating shared key,WPA3-Personal using one strong passphrase,WPA3-Enterprise using 802.1X and a RADIUS server,An open network with a captive portal,C,WPA3-Enterprise with 802.1X and RADIUS supports individual authentication against a central identity service and allows access to be revoked per user.,"WEP is obsolete and insecure, and a shared key does not provide individual identity-based access.",WPA3-Personal improves shared-passphrase security but still relies on a common credential rather than per-user authentication.,Enterprise mode uses 802.1X and an authentication server to provide individual credentials and centralized access control.,A captive portal on an open wireless network does not provide the same link-layer protection or enterprise authentication.,WPA3-Enterprise|802.1X|RADIUS|Wireless authentication|Per-user access,SRC-COMPTIA-SY0701-V6|SRC-NIST-SP800-153,CompTIA objective 4.1; NIST WLAN configuration and authentication guidance.,2026-07-19,2026-07-19,2026-07-19,approved,initial-quality-review,,Automatically approved during the accelerated build phase before the bank reaches 150 questions.
SEC701-0000044,SEC-701,CompTIA Security+,SY0-701,6.0,1,SEC701-BATCH-003,4.0,Security Operations,4.3,Explain various activities associated with vulnerability management.,Risk-based vulnerability prioritization,prioritize-active-exploitation-exposed-critical-asset,hard,single_choice,scenario,,A vulnerability team has limited time for emergency remediation. Which finding should be addressed first based on organizational risk?,An actively exploited flaw on an Internet-facing payroll application that stores employee tax data,A higher-CVSS flaw on an isolated laboratory appliance with no production route or known exploitation,An unsupported package on a kiosk already scheduled for secure retirement the next business day,A low-severity information disclosure on an authenticated internal status page,A,"Active exploitation, Internet exposure, sensitive payroll data, and business importance combine to make the payroll application the highest immediate organizational risk.","The finding has a credible active threat, direct exposure, sensitive data, and a critical business function, all of which increase remediation priority.","The numerical severity is high, but isolation, lack of a production path, and no known exploitation reduce immediate organizational risk.","The unsupported component is a concern, but imminent secure retirement substantially limits the remaining exposure window.","The issue should be tracked, but its low severity, authentication boundary, and limited effect make it less urgent than active exploitation of payroll.",Vulnerability prioritization|Asset criticality|Exploitability|Exposure|Risk-based remediation,SRC-COMPTIA-SY0701-V6|SRC-NIST-SP800-40R4|SRC-NIST-SP800-137,CompTIA objective 4.3; NIST patch prioritization and continuous-monitoring guidance.,2026-07-19,2026-07-19,2026-07-19,approved,initial-quality-review,,Automatically approved during the accelerated build phase before the bank reaches 150 questions.
SEC701-0000045,SEC-701,CompTIA Security+,SY0-701,6.0,1,SEC701-BATCH-003,4.0,Security Operations,4.4,Explain security alerting and monitoring concepts and tools.,Log time synchronization,authenticated-ntp-utc-log-correlation,easy,single_choice,scenario,,"During an investigation, firewall events appear several minutes before the related server events because device clocks have drifted and some systems record local time zones. Which improvement most directly supports reliable event correlation?",Increase log-retention periods,Hash each archived log file,Forward logs to the SIEM more frequently,Synchronize systems to an approved time source and normalize timestamps to a common time standard,D,Clock synchronization and a common timestamp standard allow events from different systems to be placed in the correct chronological sequence.,Longer retention preserves history but does not correct inaccurate or inconsistent timestamps.,Hashing can help demonstrate log integrity but does not align event times across systems.,More frequent forwarding reduces collection delay but does not correct source-clock drift or time-zone differences.,Using an approved synchronized time source and normalizing timestamps directly addresses the correlation problem.,NTP|Time synchronization|UTC normalization|Log correlation|SIEM,SRC-COMPTIA-SY0701-V6|SRC-NIST-SP800-92|SRC-NIST-SP800-53R5,CompTIA objective 4.4; NIST log-management and time-synchronization controls.,2026-07-19,2026-07-19,2026-07-19,approved,initial-quality-review,,Automatically approved during the accelerated build phase before the bank reaches 150 questions.
SEC701-0000046,SEC-701,CompTIA Security+,SY0-701,6.0,1,SEC701-BATCH-003,4.0,Security Operations,4.5,"Given a scenario, modify enterprise capabilities to enhance security.",Outbound data loss prevention,dlp-block-unencrypted-ssn-email,medium,single_choice,scenario,,An organization must block employees from emailing unencrypted files containing Social Security numbers to external recipients while allowing the same data to be transferred through an approved encrypted portal. Which capability should be configured?,A DNS sinkhole for newly registered domains,A data loss prevention rule that identifies the sensitive data and enforces the approved transfer method,An intrusion prevention signature for port scanning,A network access control rule that quarantines unmanaged laptops,B,DLP can identify sensitive data patterns and enforce handling policy by blocking unapproved outbound channels while permitting an authorized encrypted workflow.,A DNS sinkhole can block resolution of malicious or prohibited domains but does not inspect files for Social Security numbers.,DLP is designed to discover sensitive content and prevent unauthorized disclosure through channels such as external email.,A port-scan signature detects reconnaissance behavior and does not enforce sensitive-data handling rules.,Network access control evaluates device or user access to a network. It does not inspect email content for regulated data.,Data loss prevention|Sensitive data detection|Email security|Approved transfer channels,SRC-COMPTIA-SY0701-V6|SRC-NIST-SP800-53R5,CompTIA objective 4.5; NIST information-flow and data-loss controls.,2026-07-19,2026-07-19,2026-07-19,approved,initial-quality-review,,Automatically approved during the accelerated build phase before the bank reaches 150 questions.
SEC701-0000047,SEC-701,CompTIA Security+,SY0-701,6.0,1,SEC701-BATCH-003,4.0,Security Operations,4.6,"Given a scenario, implement and maintain identity and access management.",SAML federation,saml-signed-xml-assertion-sso,easy,single_choice,direct,,Employees access a browser-based software-as-a-service application through the corporate identity provider. The service provider relies on a signed XML assertion containing the user's authentication result and attributes. Which protocol is being used?,OAuth 2.0,SAML,LDAP,RADIUS,B,"SAML uses signed XML assertions to exchange authentication and attribute information between an identity provider and a service provider, commonly for browser-based single sign-on.",OAuth 2.0 is primarily an authorization framework for delegated access to protected resources. The signed XML assertion described is characteristic of SAML.,SAML defines XML-based assertions and browser SSO flows between identity providers and service providers.,LDAP is a directory-access protocol. It is not the federated signed-assertion protocol described.,RADIUS commonly supports network access authentication and accounting rather than browser SSO using XML assertions.,SAML|Federation|Single sign-on|Identity provider|Assertions,SRC-COMPTIA-SY0701-V6|SRC-NIST-SP800-63C-4|SRC-OASIS-SAML2,CompTIA objective 4.6; current NIST federation guidance and the OASIS SAML 2.0 standard.,2026-07-19,2026-07-19,2026-07-19,approved,initial-quality-review,,Automatically approved during the accelerated build phase before the bank reaches 150 questions.
SEC701-0000048,SEC-701,CompTIA Security+,SY0-701,6.0,1,SEC701-BATCH-003,4.0,Security Operations,4.8,Explain appropriate incident response activities.,Chain of custody,evidence-transfer-chain-of-custody-record,medium,single_choice,direct,,"Which incident-response record documents who collected a device, each person who later possessed it, the dates and times of transfers, and the purpose of each transfer?",Legal hold notice,Root-cause analysis,Lessons-learned report,Chain-of-custody record,D,"A chain-of-custody record documents the collection, handling, transfer, and control of evidence so its integrity and accountability can be demonstrated.",A legal hold instructs an organization to preserve potentially relevant information. It does not record every evidence transfer.,Root-cause analysis determines why an incident occurred and what underlying conditions contributed to it.,A lessons-learned report identifies improvements after an incident. It is not the evidence possession record.,The chain of custody records each handler and transfer of evidence from collection onward.,Chain of custody|Evidence handling|Forensic integrity|Incident response documentation,SRC-COMPTIA-SY0701-V6|SRC-NIST-SP800-61R3,CompTIA objective 4.8; NIST incident-response evidence preservation and handling.,2026-07-19,2026-07-19,2026-07-19,approved,initial-quality-review,,Automatically approved during the accelerated build phase before the bank reaches 150 questions.
SEC701-0000049,SEC-701,CompTIA Security+,SY0-701,6.0,1,SEC701-BATCH-003,4.0,Security Operations,4.9,"Given a scenario, use data sources to support an investigation.",Network flow records,netflow-historical-connection-metadata,hard,single_choice,scenario,,"Investigators do not have packet payloads, but they need to identify which internal host maintained periodic outbound sessions to a suspicious IP address over the past month, including destination ports, session duration, and byte counts. Which data source is most appropriate?",NetFlow or IPFIX records,DNS resolver logs,Vulnerability scan results,File-integrity monitoring alerts,A,"NetFlow or IPFIX records summarize network conversations and commonly include source and destination addresses, ports, timestamps, duration, protocol, and byte or packet counts.",Flow records provide the historical connection metadata requested even when full packet contents were not retained.,"DNS logs can show name-resolution activity but do not reliably provide session duration, destination ports, or byte counts for the resulting connections.",Vulnerability scans report weaknesses and asset information rather than historical communication sessions.,File-integrity monitoring reports changes to monitored files and does not summarize network flows.,NetFlow|IPFIX|Network metadata|Investigation data sources|Traffic analysis,SRC-COMPTIA-SY0701-V6|SRC-NIST-SP800-92,CompTIA objective 4.9; NIST log-management and network event data concepts.,2026-07-19,2026-07-19,2026-07-19,approved,initial-quality-review,,Automatically approved during the accelerated build phase before the bank reaches 150 questions.
SEC701-0000050,SEC-701,CompTIA Security+,SY0-701,6.0,1,SEC701-BATCH-003,5.0,Security Program Management and Oversight,5.1,Summarize elements of effective security governance.,RACI accountability,raci-final-approval-accountable-role,medium,single_choice,scenario,,"A security-awareness project assigns the training manager to create and deliver the course. The chief information security officer has final decision authority and signs off on the completed program. In a RACI matrix, which designation applies to the chief information security officer?",Responsible,Consulted,Accountable,Informed,C,"The accountable role owns the outcome and has final approval authority. The training manager performs the work and is responsible, while the CISO is accountable.",Responsible identifies the person or group performing the work. The training manager creates and delivers the course.,Consulted parties provide input before decisions or work are completed but do not hold final ownership.,The person with final decision and sign-off authority is accountable for the result.,Informed parties receive status or outcome information but do not approve or perform the work.,RACI matrix|Accountability|Governance roles|Responsibility assignment,SRC-COMPTIA-SY0701-V6|SRC-NIST-CSF2,CompTIA objective 5.1; NIST governance roles and accountability concepts.,2026-07-19,2026-07-19,2026-07-19,approved,initial-quality-review,,Automatically approved during the accelerated build phase before the bank reaches 150 questions.
SEC701-0000051,SEC-701,CompTIA Security+,SY0-701,6.0,1,SEC701-BATCH-003,5.0,Security Program Management and Oversight,5.2,Explain elements of the risk management process.,Annualized risk reduction,quantitative-risk-control-annual-reduction,hard,single_choice,calculation,,"An asset is valued at $200,000. A threat event has an exposure factor of 25% and an annualized rate of occurrence of 0.10. A proposed control would reduce the annualized rate of occurrence to 0.02. What is the expected annual risk reduction before subtracting the cost of the control?","$1,000","$3,000","$5,000","$4,000",D,"The single loss expectancy is $200,000 × 0.25 = $50,000. Current ALE is $50,000 × 0.10 = $5,000, and residual ALE is $50,000 × 0.02 = $1,000. The annual risk reduction is $4,000.","$1,000 is the residual annual loss expectancy after the control, not the reduction.","$3,000 would be the net annual benefit only if the control cost were $1,000, but no control cost is part of the requested calculation.","$5,000 is the current annual loss expectancy before the proposed control.","Subtracting the residual ALE of $1,000 from the current ALE of $5,000 gives a $4,000 annual risk reduction.",Annual loss expectancy|Single loss expectancy|Exposure factor|Annualized rate of occurrence|Residual risk,SRC-COMPTIA-SY0701-V6|SRC-NIST-RISK-ALE|SRC-NIST-SP800-30R1,CompTIA objective 5.2; NIST quantitative and residual-risk assessment concepts.,2026-07-19,2026-07-19,2026-07-19,approved,initial-quality-review,,Automatically approved during the accelerated build phase before the bank reaches 150 questions.
SEC701-0000052,SEC-701,CompTIA Security+,SY0-701,6.0,1,SEC701-BATCH-003,5.0,Security Program Management and Oversight,5.3,Explain the processes associated with third-party risk assessment and management.,Right-to-audit clauses,vendor-contract-right-to-audit,easy,single_choice,direct,,Which contract provision gives an organization the ability to verify a service provider's security controls directly or through an independent assessor and obtain supporting evidence?,Non-disclosure agreement,Right-to-audit clause,Service-level objective,Memorandum of understanding,B,A right-to-audit clause establishes the customer's authority to examine or independently assess the provider's controls and obtain evidence of compliance.,An NDA restricts disclosure of confidential information but does not grant assessment or inspection rights.,The right-to-audit clause directly provides the verification authority described.,A service-level objective defines a performance target but does not necessarily permit control assessment.,An MOU records a general understanding between parties and may not create detailed audit rights.,Third-party risk|Right to audit|Vendor contracts|Independent assessments,SRC-COMPTIA-SY0701-V6|SRC-NIST-SP800-161R1,CompTIA objective 5.3; NIST supply-chain assessment and monitoring guidance.,2026-07-19,2026-07-19,2026-07-19,approved,initial-quality-review,,Automatically approved during the accelerated build phase before the bank reaches 150 questions.
SEC701-0000053,SEC-701,CompTIA Security+,SY0-701,6.0,1,SEC701-BATCH-003,5.0,Security Program Management and Oversight,5.5,Explain types and purposes of audits and assessments.,Penetration-test scope control,penetration-test-out-of-scope-partner-system,hard,single_choice,scenario,,"During an authorized external penetration test, a tester discovers that an IP address adjacent to the approved target range belongs to a business partner and is not listed in the signed authorization. What should the tester do first?",Exploit the system because it is reachable from the approved network range,Run only nonintrusive scans and report the results after the engagement,Stop testing that system and consult the rules of engagement and engagement owner before taking further action,Add the system to the scope because it may affect the organization's security,C,Penetration testing must remain within explicit authorization and scope. The tester should stop activity against the partner system and obtain direction or amended authorization before proceeding.,Network proximity does not create authorization. Exploiting an out-of-scope third-party system could cause harm and legal exposure.,Even nonintrusive scanning may be unauthorized. The tester should pause and seek direction before continuing.,Stopping and consulting the signed scope and engagement owner preserves authorization boundaries and protects the third party.,A tester cannot unilaterally expand the authorized scope. Any change must be formally approved.,Penetration testing|Rules of engagement|Authorization|Scope control|Third-party systems,SRC-COMPTIA-SY0701-V6|SRC-NIST-SP800-115,"CompTIA objective 5.5; NIST technical assessment planning, authorization, and rules of engagement.",2026-07-19,2026-07-19,2026-07-19,approved,initial-quality-review,,Automatically approved during the accelerated build phase before the bank reaches 150 questions.
SEC701-0000054,SEC-701,CompTIA Security+,SY0-701,6.0,1,SEC701-BATCH-003,5.0,Security Program Management and Oversight,5.6,"Given a scenario, implement security awareness practices.",Physical security awareness,tailgating-badge-challenge-report,medium,single_choice,scenario,,"During a security-awareness exercise, an employee notices an unfamiliar person without a visible badge following closely through a controlled door. Which response best reflects appropriate awareness practice?",Prevent the person from entering unattended and direct the person to the approved visitor check-in or security process,Allow entry if the person appears to know another employee,Photograph the person secretly but allow entry to avoid confrontation,Hold the door open and report the event at the end of the week,A,Employees should follow the organization's physical-access procedure by preventing unverified entry and directing the person to visitor validation or security personnel.,This response protects the access boundary while using the approved process for legitimate visitors.,"Appearance or apparent familiarity is not a substitute for a badge, escort, or visitor verification.","Allowing entry leaves the security boundary compromised, and secret photography may not follow policy.","Holding the door enables tailgating, and delayed reporting does not address the immediate access risk.",Tailgating|Physical access awareness|Visitor procedures|Security reporting,SRC-COMPTIA-SY0701-V6|SRC-NIST-SP800-53R5,CompTIA objective 5.6; NIST awareness and physical-access control concepts.,2026-07-19,2026-07-19,2026-07-19,approved,initial-quality-review,,Automatically approved during the accelerated build phase before the bank reaches 150 questions.
